<?xml version="1.0" encoding="UTF-8"?>
<project-private xmlns="http://www.netbeans.org/ns/project-private/1">
    <editor-bookmarks xmlns="http://www.netbeans.org/ns/editor-bookmarks/2" lastBookmarkId="0"/>
    <open-files xmlns="http://www.netbeans.org/ns/projectui-open-files/2">
        <group>
            <file>file:/D:/PBO/GuiPraktikum/Perpustakaan/src/frontend/FrmBuku.java</file>
            <file>file:/D:/PBO/GuiPraktikum/Perpustakaan/src/frontend/TestBackend.java</file>
            <file>file:/D:/PBO/GuiPraktikum/Perpustakaan/src/frontend/FrmAnggota.java</file>
            <file>file:/D:/PBO/GuiPraktikum/Perpustakaan/src/backend/Kategori.java</file>
            <file>file:/D:/PBO/GuiPraktikum/Perpustakaan/src/backend/DBHelper.java</file>
            <file>file:/D:/PBO/GuiPraktikum/Perpustakaan/src/backend/Buku.java</file>
        </group>
    </open-files>
</project-private>
